{"ew": {"ret": 15.46086914246365, "vol": 16.89877855411223, "sr": 0.9119516592939491, "track_err": [1.1829968686588939, 1.0892322732695137, 1.0300149369949683, 1.0675947845438123, 1.1061082875118267, 0.999318143388918, 1.7556428002255908, 1.04767495732451, 1.0267810381440654, 1.4279007185784267, 1.1749534211232746, 1.0359679719927715, 1.556927449441648, 1.2136624093101513, 0.800790996902656, 1.4339465290650826, 1.1994873823298764, 0.958063023175989, 1.4319804269286607, 1.9056979397108424, 1.2085487867012756, 1.4930692562573369, 1.6414964632873643, 0.9735427078915739, 1.9974057408920471, 2.4880308096024413, 2.0798290596596885, 1.9379963834741978, 2.799619362165231, 2.378354574049002, 3.26212165952714, 1.6907606580564631, 1.8271694557527227, 1.8818142268651699, 1.836526544311918, 1.162439797712692, 1.4459614459105785, 1.397463346492769, 1.0901508546497032, 1.1638875334000018, 1.4780083328243907, 0.9008351049530318, 1.9600130310351216, 1.4931396572764242, 1.448305095599469, 1.3038294211695984, 1.6369126460969037, 1.0258648601004656, 1.0883857296341968, 0.9202479532361821, 1.318996285861425, 1.0126166900744369, 1.3507596286769505, 1.1809612095987898, 1.3649027655170038, 0.9196069829336881, 0.9697439480516683, 0.7764013146260669, 0.7688130285494659, 0.7474828377183116, 1.419403458212259, 1.1585302947098555, 1.1666621745447914, 1.3692704055474336, 1.2183292135988553, 0.7826164744028682, 0.9985818320389148, 0.9787095025186879, 1.1401855150492402, 1.0271913106816444, 0.8680960490922328, 0.9612549684550658, 0.7831840215765236, 1.0976478938271135, 0.8803769805740174, 0.5497391557753889, 1.07124452308209, 0.6721802267290423], "yearly_track_error": null, "ex_ret": [-0.011322538091831924, 0.14203978617325155, 0.14678988266470605, 0.07267325742690545, 0.08555151016059748, -0.03903114521832751, -0.16994297392094815, 0.0018637627233467624, 0.1623050775866519, -0.2036885259596285, 0.44411387079980813, 0.0010986812610855046, 0.025899099974934003, 0.07734144730931886, -0.17855674000917396, -0.21384302633199848, -0.3920579443176622, 0.05235506439975102, 0.043191957659584945, 0.574621469634463, -0.4336558215441664, 0.37607423284416636, -0.0760058833841164, -0.21217491586966492, 0.0530964953120657, 0.6356314277269255, 0.34457160870154124, 0.28791730460480724, -0.6731495313372561, 0.5898224709192021, 0.3291047182917405, -0.2649057870392736, -0.16758692718402857, -0.7167592075292539, 0.1435182742036738, 0.007935114499948548, 0.6793058935111371, -0.13428051231893715, 0.10004312557309025, -0.1176265935387113, 0.4192229277215852, -0.18572608587093115, 0.7343316569114797, 0.1131750551462693, -0.8393166994800232, 0.17569935476923598, -0.03816673392662551, -0.28074664428349555, -0.13188569927827065, 0.03379629640699888, 0.7618707863018422, -0.28616117869957436, 0.03921826358824662, 0.4375679758402277, -0.1514901160655513, -0.06410393538850423, 0.13106428628020578, 0.19265286963666406, -0.030054006321975135, 0.5887665775182058, 0.16488836604192833, 0.2291507660606216, 0.335124064037506, 0.26329520784638183, 0.05702430548660253, 0.24325376562346984, -0.11292264826982001, -0.24016262578023612, 0.16616090430858563, -0.03524722792993451, 0.4593306968851352, 0.4030876713692686, 0.1105307768862418, -0.19834588812308507, 0.04555178095140555, -0.05488320726204169, 0.5174277820749683, 0.23849530834378335], "enc": 