{"aapl": 3.159028188827477, "dis": 26.526160701451776, "unh": 0.9202773959433715, "cvx": 396.4707807327787, "ba": 15.0503821926884, "cmcsa": 21.21127535526469, "nvda": 4.573745305565039, "cost": 15.445858954964866, "nke": 8.075644860290922, "mo": 17.32343200692923, "ci": 1.335005138746146, "intu": 3.776385613207547, "rtn": 15.49050188483997, "pld": 2.2482134636786046, "ecl": 43.71238461433577, "wba": 16.359066532228603, "slb": 62.928538777997865, "shw": 47.75627102534417, "el": 6.429070645226401, "hum": 1.9761034579701997, "adsk": 6.02225854152074, "exc": 464.6753369459497, "sre": 458.656541456319, "syy": 21.1237423503993, "well": 38.18488207315861, "es": 148.66679900253325, "avb": 35.565662158820075, "bby": 14.759812495627228, "klac": 4.392519518904314, "pcar": 11.723975025217378, "ppg": 75.90737608950175, "ed": 349.19348301856206, "oke": 397.03979831648775, "mck": 1.4151615115785348, "eix": 173.81686023544285, "abc": 0.6870290378001237, "hal": 87.45655344863513, "tif": 9.753269849845791, "gww": 10.922288566081455, "bkr": 30.902391047777243, "has": 3.175572959132649, "iff": 58.42859114643501, "omc": 6.632091143346718, "fmc": 70.86365015284811, "expd": 5.978441492855138, "viac": 12.93051164393, "reg": 30.21744463525056, "ipg": 2.3891542452441734, "kim": 38.45701353581247, "pvh": 14.547365586943917}